{
  "images": 11700,
  "cer": 0.0076406814661848215,
  "word_acc": 0.984957264957265,
  "word_acc_by_length": {
    "1": 0.9924585218702866,
    "2": 0.977755136695534,
    "3": 0.9925407925407925,
    "4": 0.9908424908424909,
    "5": 0.9903846153846154
  },
  "latency_ms_per_image_avg": 3.0975447556911395,
  "latency_ms_per_image_p95": 4.390880465507507,
  "total_time_sec": 40.41618347167969
}